ICAO,DATE_LANDED,FRONT_SEAT,BACK_SEAT
EFD,2026-02-10,LOV,PRT
ARA,2026-02-10,ADO,AWP
FOE,2026-02-10,BRS,JWA
AMA,2026-02-09,LDE,WWH
CWF,2026-02-06,BAP,RTH
AFW,2026-02-06,KCO,WWH
ELP,2026-02-05,AFU,BAP
ROW,2026-02-05,CJO,CMC
CNW,2026-02-05,AFU,BAP
TTS,2026-02-04,HAS,WSM
HSA,2026-02-04,HAS,WSM
GJT,2026-02-04,BRS,
LCH,2026-02-04,DDC,RBL
CLL,2026-02-04,DDC,RBL
XNA,2026-02-02,CBI,LDE
HRL,2026-01-29,SMB,
RND,2026-01-22,AWP,
VCT,2026-01-21,JPJ,WLS
GPT,2026-01-18,HMK,WSM
MEI,2026-01-12,ADO,GLO
HOP,2026-01-05,JWA,MAN
EED,2025-12-18,CBI,LDE
GGG,2025-12-18,CBI,LDE
HSV,2025-12-15,CAD,LDE
AUS,2025-12-11,GLO,HMK
OKC,2025-12-09,JMO,RJC
MAF,2025-12-02,BRS,LOV
NPA,2025-11-21,CAD,TIN
NQI,2025-11-21,CBI,SMB
DHN,2025-11-19,MAN,
CHS,2025-11-19,BRS,FRU
TYS,2025-11-14,LAO,RJC
DAL,2025-11-06,GLO,
JAN,2025-11-05,AWP,BNE
COS,2025-11-04,DAR,RTH
ABQ,2025-10-26,DDC,
BOI,2025-10-26,DDC,
BFI,2025-10-26,DDC,
LBB,2025-10-15,GLO,
PUB,2025-10-13,BAP,FRU
AEX,2025-10-03,BRS,CAD
NKX,2025-09-29,AML,SMB
NYL,2025-09-26,AML,SMB
DAY,2025-09-25,RJC,
MGE,2025-09-22,LDE,MBE
STL,2025-09-18,PWF,RTH
BRO,2025-09-11,BRS,TIN
NQA,2025-09-03,AWP,KCO
DVT,2025-08-22,JWA,LDE
RIV,2025-08-03,BAP,
ICT,2025-08-02,RJC,
MKE,2025-08-02,RJC,
FSM,2025-07-10,ADO,HAS
SFB,2025-07-06,DDC,
GSP,2025-07-05,DDC,
BIL,2025-07-02,HMK,MAN
SLN,2025-07-02,HMK,MAN
GRK,2025-06-30,CWI,SMB
VPS,2025-06-22,WSM,
FFO,2025-06-20,JHA,MIR
MLB,2025-06-15,SMB,
PBI,2025-06-13,SMB,
NGP,2025-06-09,AWP,WLS
DLF,2025-06-04,MBE,RJC
DSM,2025-05-23,SMB,
IWA,2025-05-21,RJC,
MYR,2025-05-21,MAN,
SJT,2025-05-21,RJC,
DAB,2025-04-23,GLO,
SYR,2025-04-20,HAS,
LGB,2025-04-19,GLO,
SDM,2025-04-19,GLO,
SBD,2025-04-19,GLO,
SKF,2025-03-11,RJC,
LFI,2024-11-21,GLO,
WAL,2024-11-21,GLO,
MXF,2024-11-12,BRS,
GNV,2024-11-07,AWP,JAM
SMX,2024-11-03,GLO,
SMF,2024-11-03,GLO,WLS
VCV,2024-11-01,GLO,WLS
NZY,2024-10-21,GLO,JHA
TIK,2024-10-16,AWP,
COF,2024-10-16,ASM,CMC
HUA,2024-10-15,JWA,LDE
BLV,2024-10-11,ASM,LDE
RDR,2024-10-05,PRT,
IAB,2024-10-05,PRT,
SZL,2024-10-04,PRT,
KNZY,2024-09-26,JHA,MIR
MDT,2024-09-22,TKI,
VQQ,2024-08-30,SMB,
BAB,2024-08-03,CSY,PRT
CLE,2024-08-02,JPJ,JYK
EDW,2024-07-01,MBE,RJC
DVN,2024-06-28,RTH,RUB
ONT,2024-06-28,GLO,
PHF,2024-06-22,JPJ,
NHK,2024-06-15,GLO,
EAL,2024-06-14,CMC,HAS
TLH,2024-05-24,SMB,
LMT,2024-05-19,DDC,
PHX,2024-05-18,GLO,
MUO,2024-05-17,DDC,
SJC,2024-05-17,LOV,RTH
LCL,2024-05-07,TBD,
ADW,2024-04-20,GLO,
IAH,2024-04-02,DDC,HMK
MHR,2024-03-24,PRT,
BKF,2024-03-22,PRT,
DMA,2024-03-05,JPK,
GYR,2024-03-03,GLO,JYK
LRF,2024-02-08,CSY,PRT
CBM,2024-01-26,ASM,HEI
WRB,2023-12-20,CMC,YAT
MCF,2023-11-20,NAY,
TCM,2023-11-12,DDC,
SLC,2023-11-12,DDC,
RDU,2023-11-04,SMB,
NUQ,2023-10-08,GLO,
GAI,2023-09-01,KCO,TYH
ECP,2023-08-31,ADO,JHA
TUL,2023-07-28,ASM,RJC
SUS,2023-07-03,CBI,JPJ
BAD,2023-05-25,MOD,PRT
NTD,2023-04-30,PRT,
IND,2023-04-14,TIN,
EFHK,2023-03-03,MSD,WLS
LAW,2023-02-27,HAS,MOD
NID,2023-02-07,GLO,JWI
GSB,2022-11-21,TKI,
OMA,2022-11-11,JHA,WWH
HIF,2022-10-16,CMC,
BAF,2022-10-16,JHA,WWH
PIT,2022-10-16,JHA,WWH
IAD,2022-10-15,JHA,WWH
MGM,2022-10-02,HEI,
EWK,2022-08-10,FIC,WLM
SSC,2022-06-02,HAS,SUN
SDF,2022-05-19,AKL,
HOU,2022-04-27,EHR,HMK
LRD,2022-04-08,PRT,RCD
BIF,2022-03-04,JOS,MAN
PAM,2022-03-03,JPK,PET
